Name,Intro Text
BabyData Full Send,"Today’s featured article is from our BabyData newsletter, a newsletter personalized to your baby’s age covering birth through 18 months. Whether you’re navigating sleep regressions, introducing solids, or wondering if that milestone is “on time,” BabyData ensures you get the right information at the right moment so you can feel informed, not overwhelmed.

👉 Remember, when you upgrade during your trial you save 30% on a paid subscription and you’ll get our BabyData newsletter in your inbox weekly."
ToddlerData Full Send,"
Today’s featured article is from our ToddlerData newsletter, a personalized newsletter for parents of toddlers. These emails aim to help you navigate big decisions, behavior, development, and family dynamics — all grounded in the latest research.

👉 Remember, when you upgrade during your trial you save 30% on a paid subscription and you’ll get our ToddlerData, and all of our other stage-specific newsletters, in your inbox weekly."
TTC Full Send,"Today’s featured article is from our TTC newsletter, a weekly newsletter covering a variety of trying-to-conceive topics — from starting out, to fertility treatments, donor sperm/eggs, surrogacy, and adoption.
Whatever your path, having the research in hand can help guide your next steps with clarity and confidence.
Remember, when you upgrade during your trial you save 30% on a paid subscription and get our TTC newsletter in your inbox weekly."
Latest Featured,"
Today’s featured article is a preview of what paid subscribers get every week – our most popular newsletter, The Latest.

Ever see a headline and wonder, ""Should I actually be worried about this?"" That's exactly what The Latest is for. Each week, Emily breaks down new research and trending headlines, separating what's worth paying attention to from what doesn't hold up in the data.

The Latest is included with a paid subscription so you can make decisions for your family based on evidence, not TikTok trends.

You have 24 hours left to upgrade during your trial and save over 40% on a paid subscription!"
